Workbook

Sheet Plannification
E2: Total heures TPI | F2: 88 | G2: heures
E4: Plannification Effective | L4: Plannification Initiale
A5: Heures | B5: Minutes | C5: Total | E5: Type d'activité | F5: Total heures | G5: en % | L5: Type d'activité | M5: Total heures | N5: en %
A6: =SUMIF('Journal de travail'!$E$7:$E$532,Plannification!E6,'Journal de travail'!$C$7:$C$532)*60 -> 0 | B6: =SUMIF('Journal de travail'!$E$7:$E$532,Plannification!E6,'Journal de travail'!$D$7:$D$532) -> 0 | C6: =SUM(A6:B6) -> 0 | E6: ='Journal de travail'!M8 -> Analyse | F6: =QUOTIENT(SUM(A6:B6),60)&" h "&TEXT(MOD(SUM(A6:B6),60), "00")&" min" -> 0 h 00 min | G6: =SUM(A6:B6)/$C$11 -> 0 | L6: ='Journal de travail'!M8 -> Analyse | M6: =INT($F$2*N6)&" h "&TEXT(ROUND(MOD($F$2*N6,1)*60,0),"00")&" m" -> 17 h 36 m | N6: 0.2
A7: =SUMIF('Journal de travail'!$E$7:$E$532,Plannification!E7,'Journal de travail'!$C$7:$C$532)*60 -> 0 | B7: =SUMIF('Journal de travail'!$E$7:$E$532,Plannification!E7,'Journal de travail'!$D$7:$D$532) -> 0 | C7: =SUM(A7:B7) -> 0 | E7: ='Journal de travail'!M9 -> Implémentation | F7: =QUOTIENT(SUM(A7:B7),60)&" h "&TEXT(MOD(SUM(A7:B7),60), "00")&" min" -> 0 h 00 min | G7: =SUM(A7:B7)/$C$11 -> 0 | L7: ='Journal de travail'!M9 -> Implémentation | M7: =INT($F$2*N7)&" h "&TEXT(ROUND(MOD($F$2*N7,1)*60,0),"00")&" m" -> 44 h 00 m | N7: 0.5
A8: =SUMIF('Journal de travail'!$E$7:$E$532,Plannification!E8,'Journal de travail'!$C$7:$C$532)*60 -> 0 | B8: =SUMIF('Journal de travail'!$E$7:$E$532,Plannification!E8,'Journal de travail'!$D$7:$D$532) -> 0 | C8: =SUM(A8:B8) -> 0 | E8: ='Journal de travail'!M10 -> Test | F8: =QUOTIENT(SUM(A8:B8),60)&" h "&TEXT(MOD(SUM(A8:B8),60), "00")&" min" -> 0 h 00 min | G8: =SUM(A8:B8)/$C$11 -> 0 | L8: ='Journal de travail'!M10 -> Test | M8: =INT($F$2*N8)&" h "&TEXT(ROUND(MOD($F$2*N8,1)*60,0),"00")&" m" -> 8 h 48 m | N8: 0.1
A9: =SUMIF('Journal de travail'!$E$7:$E$532,Plannification!E9,'Journal de travail'!$C$7:$C$532)*60 -> 60 | B9: =SUMIF('Journal de travail'!$E$7:$E$532,Plannification!E9,'Journal de travail'!$D$7:$D$532) -> 125 | C9: =SUM(A9:B9) -> 185 | E9: ='Journal de travail'!M11 -> Documentation | F9: =QUOTIENT(SUM(A9:B9),60)&" h "&TEXT(MOD(SUM(A9:B9),60), "00")&" min" -> 3 h 05 min | G9: =SUM(A9:B9)/$C$11 -> 1 | L9: ='Journal de travail'!M11 -> Documentation | M9: =INT($F$2*N9)&" h "&TEXT(ROUND(MOD($F$2*N9,1)*60,0),"00")&" m" -> 17 h 36 m | N9: 0.2
A10: =SUMIF('Journal de travail'!$E$7:$E$532,Plannification!E10,'Journal de travail'!$C$7:$C$532)*60 -> 0 | B10: =SUMIF('Journal de travail'!$E$7:$E$532,Plannification!E10,'Journal de travail'!$D$7:$D$532) -> 0 | C10: =SUM(A10:B10) -> 0 | E10: Absent | F10: =QUOTIENT(SUM(A10:B10),60)&" h "&TEXT(MOD(SUM(A10:B10),60), "00")&" min" -> 0 h 00 min | G10: =SUM(A10:B10)/$C$11 -> 0 | L10: Absent | M10: =INT($F$2*N10)&" h "&TEXT(ROUND(MOD($F$2*N10,1)*60,0),"00")&" m" -> 0 h 00 m | N10: 0
A11: =SUM(A6:A10) -> 60 | B11: =SUM(B6:B10) -> 125 | C11: =SUM(A11:B11) -> 185 | E11: Total | F11: =QUOTIENT(SUM(A11:B11),60)&" h "&TEXT(MOD(SUM(A11:B11),60), "00")&" min" -> 3 h 05 min | G11: =C11/C12 -> 0.035037879 | L11: Total | N11: =SUM(N6:N10) -> 1
C12: =F2*60 -> 5280

Sheet Journal de travail
F1: Journal de travail
A2: Auteur: | C2: Nom Prénom | F2: Projet: | G2: P_Script 122
A3: Temps total: | C3: =QUOTIENT(E4,60)&" heures "&MOD(E4,60)&" minutes" -> 3 heures 5 minutes | F3: Date: | G3: 03.04.2025 au 27.05.2025
C4: =SUBTOTAL(9,$C$7:$C$531)*60 -> 60 | D4: =SUBTOTAL(9,$D$7:$D$531) -> 125 | E4: =SUM(C4:D4) -> 185
C5: Temps
A6: Semaine | B6: Jour | C6: h. | D6: min. | E6: Type | F6: Description | G6: Remarques/problèmes
A7: =IF(ISBLANK(B7),"",_xlfn.ISOWEEKNUM('Journal de travail'!$B7)) -> 35 | B7: 45896 | C7: 1 | D7: 30 | E7: Documentation | F7: Présentation des objectifs et attentes de l'enseignant
A8: =IF(ISBLANK(B8),"",_xlfn.ISOWEEKNUM('Journal de travail'!$B8)) -> 35 | B8: 45896 | D8: 40 | E8: Documentation | F8: Recherche d'informations pour le squelette du jeu | M8: Analyse | N8: 1 | O8: 0
A9: =IF(ISBLANK(B9),"",_xlfn.ISOWEEKNUM('Journal de travail'!$B9)) -> 35 | B9: 45896 | D9: 30 | E9: Documentation | F9: Création d'une maquette sur Figma | M9: Implémentation | N9: 2 | O9: 5
A10: =IF(ISBLANK(B10),"",_xlfn.ISOWEEKNUM('Journal de travail'!$B10)) -> 35 | B10: 45896 | D10: 20 | E10: Documentation | F10: Création d'un repo Git et chargement des fichiers demandés | M10: Test | N10: 3 | O10: 10
A11: =IF(ISBLANK(B11),"",_xlfn.ISOWEEKNUM('Journal de travail'!$B11)) -> 35 | B11: 45896 | D11: 5 | E11: Documentation | F11: Rédaction du journal de travail | M11: Documentation | N11: 4 | O11: 15
A12: =IF(ISBLANK(B12),"",_xlfn.ISOWEEKNUM('Journal de travail'!$B12)) | M12: Absent | N12: 5 | O12: 20
A13: =IF(ISBLANK(B13),"",_xlfn.ISOWEEKNUM('Journal de travail'!$B13)) | N13: 6 | O13: 25
A14: =IF(ISBLANK(B14),"",_xlfn.ISOWEEKNUM('Journal de travail'!$B14)) | N14: 7 | O14: 30
A15: =IF(ISBLANK(B15),"",_xlfn.ISOWEEKNUM('Journal de travail'!$B15)) | N15: 8 | O15: 35
A16: =IF(ISBLANK(B16),"",_xlfn.ISOWEEKNUM('Journal de travail'!$B16)) | O16: 40
A17: =IF(ISBLANK(B17),"",_xlfn.ISOWEEKNUM('Journal de travail'!$B17)) | O17: 45
A18: =IF(ISBLANK(B18),"",_xlfn.ISOWEEKNUM('Journal de travail'!$B18)) | O18: 50
A19: =IF(ISBLANK(B19),"",_xlfn.ISOWEEKNUM('Journal de travail'!$B19)) | O19: 55
A20: =IF(ISBLANK(B20),"",_xlfn.ISOWEEKNUM('Journal de travail'!$B20))
A21: =IF(ISBLANK(B21),"",_xlfn.ISOWEEKNUM('Journal de travail'!$B21))
A22: =IF(ISBLANK(B22),"",_xlfn.ISOWEEKNUM('Journal de travail'!$B22))
A23: =IF(ISBLANK(B23),"",_xlfn.ISOWEEKNUM('Journal de travail'!$B23))
A24: =IF(ISBLANK(B24),"",_xlfn.ISOWEEKNUM('Journal de travail'!$B24))
A25: =IF(ISBLANK(B25),"",_xlfn.ISOWEEKNUM('Journal de travail'!$B25))
A26: =IF(ISBLANK(B26),"",_xlfn.ISOWEEKNUM('Journal de travail'!$B26))
A27: =IF(ISBLANK(B27),"",_xlfn.ISOWEEKNUM('Journal de travail'!$B27))
A28: =IF(ISBLANK(B28),"",_xlfn.ISOWEEKNUM('Journal de travail'!$B28))
A29: =IF(ISBLANK(B29),"",_xlfn.ISOWEEKNUM('Journal de travail'!$B29))
A30: =IF(ISBLANK(B30),"",_xlfn.ISOWEEKNUM('Journal de travail'!$B30))
A31: =IF(ISBLANK(B31),"",_xlfn.ISOWEEKNUM('Journal de travail'!$B31))
... A532: =IF(ISBLANK(B532),"",_xlfn.ISOWEEKNUM('Journal de travail'!$B532))

Sheet Initiale VS Effective
